[
  {
    "slug": "aruba-classico",
    "title": "Aruba Clássico – 6 dias para descobrir a ilha da felicidade",
    "titulo_curto": "Aruba Clássico – 6 dias",
    "categoria": "Internacional",
    "card_image": "assets/lazer/aruba-classico.webp",
    "href": "lazer-oferta.html?slug=aruba-classico"
  },
  {
    "slug": "aruba-e-curacao",
    "title": "Aruba & Curaçao Clássico – 7 dias entre duas joias do Caribe Holandês",
    "titulo_curto": "Aruba & Curaçao – 7 dias",
    "categoria": "Internacional",
    "card_image": "assets/lazer/aruba-e-curacao.webp",
    "href": "lazer-oferta.html?slug=aruba-e-curacao"
  },
  {
    "slug": "barcelona-classico",
    "title": "Barcelona Clássico – 6 dias entre Gaudí, história e mar Mediterrâneo",
    "titulo_curto": "Barcelona Clássico – 6 dias",
    "categoria": "Internacional",
    "card_image": "assets/lazer/barcelona-classico.webp",
    "href": "lazer-oferta.html?slug=barcelona-classico"
  },
  {
    "slug": "bogota-classico",
    "title": "Bogotá Clássico – 4 dias entre ouro, altitude e história andina",
    "titulo_curto": "Bogotá Clássico – 4 dias",
    "categoria": "Internacional",
    "card_image": "assets/lazer/bogota-classico.webp",
    "href": "lazer-oferta.html?slug=bogota-classico"
  },
  {
    "slug": "bruxelas-classico",
    "title": "Bruxelas Clássico – 6 dias entre Grand-Place, surrealismo e sabores belgas",
    "titulo_curto": "Bruxelas Clássico – 6 dias",
    "categoria": "Internacional",
    "card_image": "assets/lazer/bruxelas-classico.webp",
    "href": "lazer-oferta.html?slug=bruxelas-classico"
  },
  {
    "slug": "buenos-aires-classico",
    "title": "Buenos Aires Clássico – 4 dias entre tango, arquitetura e cafés históricos",
    "titulo_curto": "Buenos Aires Clássico – 4 dias",
    "categoria": "Internacional",
    "card_image": "assets/lazer/buenos-aires-classico.webp",
    "href": "lazer-oferta.html?slug=buenos-aires-classico"
  },
  {
    "slug": "buenos-aires-e-santiago",
    "title": "Buenos Aires e Santiago – 5 dias entre arquitetura portenha e cordilheira andina",
    "titulo_curto": "Buenos Aires e Santiago – 5 dias",
    "categoria": "Internacional",
    "card_image": "assets/lazer/buenos-aires-e-santiago.webp",
    "href": "lazer-oferta.html?slug=buenos-aires-e-santiago"
  },
  {
    "slug": "cancun-all-inclusive-classico",
    "title": "Cancún All Inclusive Clássico – 6 dias de Caribe e cultura maia",
    "titulo_curto": "Cancún All Inclusive – 6 dias",
    "categoria": "Internacional",
    "card_image": "assets/lazer/cancun-all-inclusive-classico.webp",
    "href": "lazer-oferta.html?slug=cancun-all-inclusive-classico"
  },
  {
    "slug": "cancun-e-orlando",
    "title": "Cancún e Orlando – 9 dias entre Caribe, cultura maia e parques temáticos",
    "titulo_curto": "Cancún e Orlando – 9 dias",
    "categoria": "Internacional",
    "card_image": "assets/lazer/cancun-e-orlando.webp",
    "href": "lazer-oferta.html?slug=cancun-e-orlando"
  },
  {
    "slug": "cartagena-classico",
    "title": "Cartagena Clássico – 6 dias entre muralhas coloniais e Caribe colombiano",
    "titulo_curto": "Cartagena Clássico – 6 dias",
    "categoria": "Internacional",
    "card_image": "assets/lazer/cartagena-classico.webp",
    "href": "lazer-oferta.html?slug=cartagena-classico"
  },
  {
    "slug": "cozumel-classico",
    "title": "Cozumel Clássico – 4 dias entre recifes, lenda maia e Caribe mexicano",
    "titulo_curto": "Cozumel Clássico – 4 dias",
    "categoria": "Internacional",
    "card_image": "assets/lazer/cozumel-classico.webp",
    "href": "lazer-oferta.html?slug=cozumel-classico"
  },
  {
    "slug": "curacao-classico",
    "title": "Curaçao Clássico – 6 dias entre Willemstad colorida e praias da costa oeste",
    "titulo_curto": "Curaçao Clássico – 6 dias",
    "categoria": "Internacional",
    "card_image": "assets/lazer/curacao-classico.webp",
    "href": "lazer-oferta.html?slug=curacao-classico"
  },
  {
    "slug": "dubai-classico",
    "title": "Dubai Clássico – 5 dias entre souks históricos e arranha-céus futuristas",
    "titulo_curto": "Dubai Clássico – 5 dias",
    "categoria": "Internacional",
    "card_image": "assets/lazer/dubai-classico.webp",
    "href": "lazer-oferta.html?slug=dubai-classico"
  },
  {
    "slug": "dublin-classico",
    "title": "Dublin Clássico – 5 dias entre literatura, pubs e campos verdes",
    "titulo_curto": "Dublin Clássico – 5 dias",
    "categoria": "Internacional",
    "card_image": "assets/lazer/dublin-classico.webp",
    "href": "lazer-oferta.html?slug=dublin-classico"
  },
  {
    "slug": "florenca-classico",
    "title": "Florença Clássico – 6 dias no coração do Renascimento italiano",
    "titulo_curto": "Florença Clássico – 6 dias",
    "categoria": "Internacional",
    "card_image": "assets/lazer/florenca-classico.webp",
    "href": "lazer-oferta.html?slug=florenca-classico"
  },
  {
    "slug": "jamaica-classica",
    "title": "Jamaica Clássica – 6 dias entre Montego Bay, praias e cultura reggae",
    "titulo_curto": "Jamaica Clássica – 6 dias",
    "categoria": "Internacional",
    "card_image": "assets/lazer/jamaica-classica.webp",
    "href": "lazer-oferta.html?slug=jamaica-classica"
  },
  {
    "slug": "las-vegas-classico",
    "title": "Las Vegas Clássico – 4 dias entre Strip, cassinos e Grand Canyon",
    "titulo_curto": "Las Vegas Clássico – 4 dias",
    "categoria": "Internacional",
    "card_image": "assets/lazer/las-vegas-classico.webp",
    "href": "lazer-oferta.html?slug=las-vegas-classico"
  },
  {
    "slug": "lisboa-classico",
    "title": "Lisboa Clássico – 6 dias na cidade das sete colinas",
    "titulo_curto": "Lisboa Clássico – 6 dias",
    "categoria": "Internacional",
    "card_image": "assets/lazer/lisboa-classico.webp",
    "href": "lazer-oferta.html?slug=lisboa-classico"
  },
  {
    "slug": "liverpool-classico",
    "title": "Liverpool Clássico – 5 dias entre docks, Beatles e história viva",
    "titulo_curto": "Liverpool Clássico – 5 dias",
    "categoria": "Internacional",
    "card_image": "assets/lazer/liverpool-classico.webp",
    "href": "lazer-oferta.html?slug=liverpool-classico"
  },
  {
    "slug": "londres-classico",
    "title": "Londres Clássico – 6 dias entre ícones, parques e bairros vibrantes",
    "titulo_curto": "Londres Clássico – 6 dias",
    "categoria": "Internacional",
    "card_image": "assets/lazer/londres-classico.webp",
    "href": "lazer-oferta.html?slug=londres-classico"
  },
  {
    "slug": "los-angeles-classico",
    "title": "Los Angeles Clássico – 4 dias entre Hollywood, praias e o letreiro mais famoso do mundo",
    "titulo_curto": "Los Angeles Clássico – 4 dias",
    "categoria": "Internacional",
    "card_image": "assets/lazer/los-angeles-classico.webp",
    "href": "lazer-oferta.html?slug=los-angeles-classico"
  },
  {
    "slug": "madrid-classico",
    "title": "Madrid Clássico – 6 dias entre praças históricas, arte e tapas",
    "titulo_curto": "Madrid Clássico – 6 dias",
    "categoria": "Internacional",
    "card_image": "assets/lazer/madrid-classico.webp",
    "href": "lazer-oferta.html?slug=madrid-classico"
  },
  {
    "slug": "mendoza-classico",
    "title": "Mendoza Clássico – 4 dias entre vinhos, praças e a sombra dos Andes",
    "titulo_curto": "Mendoza Clássico – 4 dias",
    "categoria": "Internacional",
    "card_image": "assets/lazer/mendoza-classico.webp",
    "href": "lazer-oferta.html?slug=mendoza-classico"
  },
  {
    "slug": "mexico-city-classico",
    "title": "Mexico City Clássico – 4 dias entre Centro Histórico, Teotihuacan e mariachi",
    "titulo_curto": "Mexico City Clássico – 4 dias",
    "categoria": "Internacional",
    "card_image": "assets/lazer/mexico-city-classico.webp",
    "href": "lazer-oferta.html?slug=mexico-city-classico"
  },
  {
    "slug": "miami-classico",
    "title": "Miami Clássico – 4 dias entre beaches, Art Deco e contrastes",
    "titulo_curto": "Miami Clássico – 4 dias",
    "categoria": "Internacional",
    "card_image": "assets/lazer/miami-classico.webp",
    "href": "lazer-oferta.html?slug=miami-classico"
  },
  {
    "slug": "milao-classico",
    "title": "Milão Clássico: 4 dias entre Duomo, moda e Navigli",
    "titulo_curto": "Milão Clássico",
    "categoria": "Internacional",
    "card_image": "assets/lazer/milao-classico.webp",
    "href": "lazer-oferta.html?slug=milao-classico"
  },
  {
    "slug": "montevideo-classico",
    "title": "Montevidéu Clássico – 4 dias entre Ciudad Vieja, Rambla e parrillas",
    "titulo_curto": "Montevidéu Clássico – 4 dias",
    "categoria": "Internacional",
    "card_image": "assets/lazer/montevideo-classico.webp",
    "href": "lazer-oferta.html?slug=montevideo-classico"
  },
  {
    "slug": "montevideo-com-punta-del-este",
    "title": "Montevidéu com Punta del Este – 4 dias entre Ciudad Vieja, Rambla e um dia inteiro de litoral",
    "titulo_curto": "Montevidéu com Punta del Este – 4 dias",
    "categoria": "Internacional",
    "card_image": "assets/lazer/montevideo-com-punta-del-este.webp",
    "href": "lazer-oferta.html?slug=montevideo-com-punta-del-este"
  },
  {
    "slug": "new-york-classico",
    "title": "New York Clássico – 4 dias entre skyline, parques e história",
    "titulo_curto": "New York Clássico – 4 dias",
    "categoria": "Internacional",
    "card_image": "assets/lazer/new-york-classico.webp",
    "href": "lazer-oferta.html?slug=new-york-classico"
  },
  {
    "slug": "panama-city-classico",
    "title": "Panama City Clássico – 4 dias entre Canal, Casco Viejo e Calçada do Amador",
    "titulo_curto": "Panama City Clássico – 4 dias",
    "categoria": "Internacional",
    "card_image": "assets/lazer/panama-city-classico.webp",
    "href": "lazer-oferta.html?slug=panama-city-classico"
  },
  {
    "slug": "paris-classico",
    "title": "Paris Clássico – 5 noites entre Torre Eiffel, Sena e bairros históricos",
    "titulo_curto": "Paris Clássico – 5 noites",
    "categoria": "Internacional",
    "card_image": "assets/lazer/paris-classico.webp",
    "href": "lazer-oferta.html?slug=paris-classico"
  },
  {
    "slug": "porto-classico",
    "title": "Porto Clássico – 6 dias entre Douro, Ribeira e miradouros",
    "titulo_curto": "Porto Clássico – 6 dias",
    "categoria": "Internacional",
    "card_image": "assets/lazer/porto-classico.webp",
    "href": "lazer-oferta.html?slug=porto-classico"
  },
  {
    "slug": "punta-cana-classico",
    "title": "Punta Cana Clássico – 6 dias entre resort all inclusive e Ilha Saona",
    "titulo_curto": "Punta Cana Clássico – 5 noites",
    "categoria": "Internacional",
    "card_image": "assets/lazer/punta-cana-classico.webp",
    "href": "lazer-oferta.html?slug=punta-cana-classico"
  },
  {
    "slug": "quito-classico",
    "title": "Quito Clássico – 4 dias entre Centro Histórico, Meio do Mundo e Teleférico",
    "titulo_curto": "Quito Clássico – 4 dias",
    "categoria": "Internacional",
    "card_image": "assets/lazer/quito-classico.webp",
    "href": "lazer-oferta.html?slug=quito-classico"
  },
  {
    "slug": "riviera-maya-classico",
    "title": "Riviera Maya Clássico – 4 dias entre mar do Caribe, cenotes e cultura maia",
    "titulo_curto": "Riviera Maya Clássico – 4 dias",
    "categoria": "Internacional",
    "card_image": "assets/lazer/riviera-maya-classico.webp",
    "href": "lazer-oferta.html?slug=riviera-maya-classico"
  },
  {
    "slug": "roma-classico",
    "title": "Roma Clássico – 6 dias entre Coliseu, Fórum, Palatino e praças históricas",
    "titulo_curto": "Roma Clássico – 6 dias",
    "categoria": "Internacional",
    "card_image": "assets/lazer/roma-classico.webp",
    "href": "lazer-oferta.html?slug=roma-classico"
  },
  {
    "slug": "san-andres-classico",
    "title": "San Andrés Clássico – 6 dias entre Mar de Sete Cores e cayos caribenhos",
    "titulo_curto": "San Andrés Clássico – 6 dias",
    "categoria": "Internacional",
    "card_image": "assets/lazer/san-andres-classico.webp",
    "href": "lazer-oferta.html?slug=san-andres-classico"
  },
  {
    "slug": "san-jose-classico",
    "title": "San José Clássico – 5 dias entre capital, Ilha Tortuga e Vale Central",
    "titulo_curto": "San José Clássico – 5 dias",
    "categoria": "Internacional",
    "card_image": "assets/lazer/san-jose-classico.webp",
    "href": "lazer-oferta.html?slug=san-jose-classico"
  },
  {
    "slug": "santiago-classico",
    "title": "Santiago Clássico – 4 dias de inverno entre Andes, city tour e vinhos",
    "titulo_curto": "Santiago Clássico – 4 dias",
    "categoria": "Internacional",
    "card_image": "assets/lazer/santiago-classico.webp",
    "href": "lazer-oferta.html?slug=santiago-classico"
  },
  {
    "slug": "sao-francisco-classico",
    "title": "São Francisco: roteiro clássico de 4 dias à beira da baía",
    "titulo_curto": "São Francisco Clássico",
    "categoria": "Internacional",
    "card_image": "assets/lazer/sao-francisco-classico.webp",
    "href": "lazer-oferta.html?slug=sao-francisco-classico"
  },
  {
    "slug": "tulum-classico",
    "title": "Tulum Clássico – 4 dias entre ruínas maias, cenotes e estilo de vida boho",
    "titulo_curto": "Tulum Clássico – 4 dias",
    "categoria": "Internacional",
    "card_image": "assets/lazer/tulum-classico.webp",
    "href": "lazer-oferta.html?slug=tulum-classico"
  },
  {
    "slug": "ushuaia-classico-inverno",
    "title": "Ushuaia Clássico – Inverno, 4 dias no Fim do Mundo",
    "titulo_curto": "Ushuaia Clássico – Inverno",
    "categoria": "Internacional",
    "card_image": "assets/lazer/ushuaia-classico-inverno.webp",
    "href": "lazer-oferta.html?slug=ushuaia-classico-inverno"
  },
  {
    "slug": "ushuaia-classico-verao",
    "title": "Ushuaia Clássico – Verão, 4 dias no Fim do Mundo",
    "titulo_curto": "Ushuaia Clássico – Verão",
    "categoria": "Internacional",
    "card_image": "assets/lazer/ushuaia-classico-verao.webp",
    "href": "lazer-oferta.html?slug=ushuaia-classico-verao"
  },
  {
    "slug": "washington-dc-classico",
    "title": "Washington DC Clássico – 4 dias de imersão entre poder, memoriais e museus",
    "titulo_curto": "Washington DC Clássico – 4 dias",
    "categoria": "Internacional",
    "card_image": "assets/lazer/washington-dc-classico.webp",
    "href": "lazer-oferta.html?slug=washington-dc-classico"
  },
  {
    "slug": "andorra",
    "title": "Andorra: neve, sol e experiências alpinas em 6 dias",
    "titulo_curto": "Andorra – Neve nos Pirenéus",
    "categoria": "Neve",
    "card_image": "assets/lazer/andorra.webp",
    "href": "lazer-oferta.html?slug=andorra"
  },
  {
    "slug": "aspen",
    "title": "Aspen Snowmass: 8 dias de neve, cultura e gastronomia nas Montanhas Rochosas",
    "titulo_curto": "Aspen – Férias na Neve",
    "categoria": "Neve",
    "card_image": "assets/lazer/aspen.webp",
    "href": "lazer-oferta.html?slug=aspen"
  },
  {
    "slug": "bariloche",
    "title": "Bariloche: férias na neve na Patagônia em 8 dias",
    "titulo_curto": "Bariloche – Férias na Neve",
    "categoria": "Neve",
    "card_image": "assets/lazer/bariloche.webp",
    "href": "lazer-oferta.html?slug=bariloche"
  },
  {
    "slug": "courchevel-e-genebra",
    "title": "Courchevel e Genebra: neve, luxo alpino e elegância suíça em 7 dias",
    "titulo_curto": "Courchevel & Genebra – Neve",
    "categoria": "Neve",
    "card_image": "assets/lazer/courchevel-e-genebra.webp",
    "href": "lazer-oferta.html?slug=courchevel-e-genebra"
  },
  {
    "slug": "snowmass",
    "title": "Snowmass: férias de neve em família nas Montanhas Rochosas em 8 dias",
    "titulo_curto": "Snowmass – Férias na Neve",
    "categoria": "Neve",
    "card_image": "assets/lazer/snowmass.webp",
    "href": "lazer-oferta.html?slug=snowmass"
  },
  {
    "slug": "tremblant-montreal",
    "title": "Tremblant & Montreal: inverno franco-canadense em 8 dias",
    "titulo_curto": "Tremblant & Montreal – Neve",
    "categoria": "Neve",
    "card_image": "assets/lazer/tremblant-montreal.webp",
    "href": "lazer-oferta.html?slug=tremblant-montreal"
  },
  {
    "slug": "valle-nevado",
    "title": "Valle Nevado: ski week nos Andes chilenos em 8 dias",
    "titulo_curto": "Valle Nevado – Férias na Neve",
    "categoria": "Neve",
    "card_image": "assets/lazer/valle-nevado.webp",
    "href": "lazer-oferta.html?slug=valle-nevado"
  },
  {
    "slug": "carnaval-no-canada",
    "title": "Carnaval no Canadá: Toronto, Niagara, Ottawa, Quebec e Montreal em 8 dias",
    "titulo_curto": "Carnaval no Canadá",
    "categoria": "Eventos",
    "card_image": "assets/lazer/carnaval-no-canada.webp",
    "href": "lazer-oferta.html?slug=carnaval-no-canada"
  },
  {
    "slug": "carnaval-no-egito",
    "title": "Carnaval no Egito: Cairo, Cruzeiro no Nilo e Luxor em 8 dias",
    "titulo_curto": "Carnaval no Egito",
    "categoria": "Eventos",
    "card_image": "assets/lazer/carnaval-no-egito.webp",
    "href": "lazer-oferta.html?slug=carnaval-no-egito"
  },
  {
    "slug": "formula-1-gp-sp-2026",
    "title": "Fórmula 1 GP São Paulo 2026: 4 noites de velocidade e cultura na maior metrópole do Brasil",
    "titulo_curto": "F1 GP São Paulo 2026",
    "categoria": "Eventos",
    "card_image": "assets/lazer/formula-1-gp-sp-2026.webp",
    "href": "lazer-oferta.html?slug=formula-1-gp-sp-2026"
  },
  {
    "slug": "motogp-goiania",
    "title": "MotoGP Goiânia 2026: 4 noites para viver o Grande Prêmio do Brasil",
    "titulo_curto": "MotoGP Goiânia 2026",
    "categoria": "Eventos",
    "card_image": "assets/lazer/motogp-goiania.webp",
    "href": "lazer-oferta.html?slug=motogp-goiania"
  },
  {
    "slug": "natal-luz-de-gramado",
    "title": "Natal Luz de Gramado: 5 noites de magia na Serra Gaúcha",
    "titulo_curto": "Natal Luz de Gramado",
    "categoria": "Eventos",
    "card_image": "assets/lazer/natal-luz-de-gramado.webp",
    "href": "lazer-oferta.html?slug=natal-luz-de-gramado"
  },
  {
    "slug": "reveillon-na-ilha-da-madeira",
    "title": "Réveillon na Ilha da Madeira: Funchal e contrastes da ilha em 6 dias",
    "titulo_curto": "Réveillon na Ilha da Madeira",
    "categoria": "Eventos",
    "card_image": "assets/lazer/reveillon-na-ilha-da-madeira.webp",
    "href": "lazer-oferta.html?slug=reveillon-na-ilha-da-madeira"
  },
  {
    "slug": "reveillon-na-turquia",
    "title": "Réveillon na Turquia: Istambul, Capadócia e rota histórica em 11 dias",
    "titulo_curto": "Réveillon na Turquia",
    "categoria": "Eventos",
    "card_image": "assets/lazer/reveillon-na-turquia.webp",
    "href": "lazer-oferta.html?slug=reveillon-na-turquia"
  },
  {
    "slug": "reveillon-no-egito",
    "title": "Réveillon no Egito: Cairo e Cruzeiro pelo Nilo em 8 dias",
    "titulo_curto": "Réveillon no Egito",
    "categoria": "Eventos",
    "card_image": "assets/lazer/reveillon-no-egito.webp",
    "href": "lazer-oferta.html?slug=reveillon-no-egito"
  },
  {
    "slug": "disney-4-park-magic-ticket",
    "title": "Disney 4-Park Magic Ticket: 4 dias inteiros em cada parque temático",
    "titulo_curto": "Disney 4-Park Magic Ticket",
    "categoria": "Disney",
    "card_image": "assets/lazer/disney-4-park-magic-ticket.webp",
    "href": "lazer-oferta.html?slug=disney-4-park-magic-ticket"
  },
  {
    "slug": "disney-christmas-celebration",
    "title": "Disney Christmas Celebration: Natal completo nos parques de Orlando",
    "titulo_curto": "Disney Christmas Celebration",
    "categoria": "Disney",
    "card_image": "assets/lazer/disney-christmas-celebration.webp",
    "href": "lazer-oferta.html?slug=disney-christmas-celebration"
  },
  {
    "slug": "disney-dream-vacation",
    "title": "Disney Dream Vacation: 7 noites de magia completa em Orlando",
    "titulo_curto": "Disney Dream Vacation",
    "categoria": "Disney",
    "card_image": "assets/lazer/disney-dream-vacation.webp",
    "href": "lazer-oferta.html?slug=disney-dream-vacation"
  },
  {
    "slug": "mickeys-verry-merry-christmas-party",
    "title": "Mickey's Very Merry Christmas Party: uma noite de Natal inesquecível no Magic Kingdom",
    "titulo_curto": "Mickey's Very Merry Christmas Party",
    "categoria": "Disney",
    "card_image": "assets/lazer/mickeys-verry-merry-christmas-party.webp",
    "href": "lazer-oferta.html?slug=mickeys-verry-merry-christmas-party"
  },
  {
    "slug": "camping-parque-caminhos-do-mar",
    "title": "Camping Parque Caminhos do Mar: imersão na Mata Atlântica entre trilhas e aventura",
    "titulo_curto": "Camping Parque Caminhos do Mar",
    "categoria": "Aventura",
    "card_image": "assets/lazer/camping-parque-caminhos-do-mar.webp",
    "href": "lazer-oferta.html?slug=camping-parque-caminhos-do-mar"
  },
  {
    "slug": "chapada-dos-veadeiros-natureza-e-cultura",
    "title": "Chapada dos Veadeiros: Natureza e Cultura em 4 dias",
    "titulo_curto": "Chapada dos Veadeiros: Natureza e Cultura",
    "categoria": "Aventura",
    "card_image": "assets/lazer/chapada-dos-veadeiros-natureza-e-cultura.webp",
    "href": "lazer-oferta.html?slug=chapada-dos-veadeiros-natureza-e-cultura"
  },
  {
    "slug": "explorando-a-chapada-dos-veadeiros",
    "title": "Explorando a Chapada dos Veadeiros: trilhas, cachoeiras e história em 5 dias",
    "titulo_curto": "Explorando a Chapada dos Veadeiros",
    "categoria": "Aventura",
    "card_image": "assets/lazer/explorando-a-chapada-dos-veadeiros.webp",
    "href": "lazer-oferta.html?slug=explorando-a-chapada-dos-veadeiros"
  },
  {
    "slug": "itatiaia-entre-montanhas-e-cachoeiras",
    "title": "Itatiaia: entre montanhas e cachoeiras na Serra da Mantiqueira",
    "titulo_curto": "Itatiaia – Montanhas e Cachoeiras",
    "categoria": "Aventura",
    "card_image": "assets/lazer/itatiaia-entre-montanhas-e-cachoeiras.webp",
    "href": "lazer-oferta.html?slug=itatiaia-entre-montanhas-e-cachoeiras"
  },
  {
    "slug": "itatiaia-entre-picos-e-cachoeiras-da-mantiqueira",
    "title": "Itatiaia: entre picos e cachoeiras da Mantiqueira",
    "titulo_curto": "Itatiaia – Picos e Cachoeiras",
    "categoria": "Aventura",
    "card_image": "assets/lazer/itatiaia-entre-picos-e-cachoeiras-da-mantiqueira.webp",
    "href": "lazer-oferta.html?slug=itatiaia-entre-picos-e-cachoeiras-da-mantiqueira"
  },
  {
    "slug": "itatiaia-natureza-e-cachoeiras-da-serra-da-mantiqueira",
    "title": "Itatiaia: natureza e cachoeiras da Serra da Mantiqueira",
    "titulo_curto": "Itatiaia – Natureza e Cachoeiras",
    "categoria": "Aventura",
    "card_image": "assets/lazer/itatiaia-natureza-e-cachoeiras-da-serra-da-mantiqueira.webp",
    "href": "lazer-oferta.html?slug=itatiaia-natureza-e-cachoeiras-da-serra-da-mantiqueira"
  },
  {
    "slug": "balneario-camboriu",
    "title": "Balneário Camboriú: 5 noites entre arranha-céus, mar e Vale Europeu",
    "titulo_curto": "Balneário Camboriú – 5 noites",
    "categoria": "Brasil",
    "card_image": "assets/lazer/balneario-camboriu.webp",
    "href": "lazer-oferta.html?slug=balneario-camboriu"
  },
  {
    "slug": "beto-carrero",
    "title": "Beto Carrero World: um dia de parque saindo de Balneário Camboriú",
    "titulo_curto": "Beto Carrero – 1 dia de parque",
    "categoria": "Brasil",
    "card_image": "assets/lazer/beto-carrero.webp",
    "href": "lazer-oferta.html?slug=beto-carrero"
  },
  {
    "slug": "curitiba-morretes-e-a-serra-do-mar",
    "title": "Curitiba, Morretes e a Serra do Mar: 4 dias entre cidade, trem e litoral",
    "titulo_curto": "Curitiba, Morretes e Serra do Mar",
    "categoria": "Brasil",
    "card_image": "assets/lazer/curitiba-morretes-e-a-serra-do-mar.webp",
    "href": "lazer-oferta.html?slug=curitiba-morretes-e-a-serra-do-mar"
  },
  {
    "slug": "fernando-de-noronha",
    "title": "Fernando de Noronha: 5 noites de natureza, trilhas e mar cristalino",
    "titulo_curto": "Fernando de Noronha – 5 noites",
    "categoria": "Brasil",
    "card_image": "assets/lazer/fernando-de-noronha.webp",
    "href": "lazer-oferta.html?slug=fernando-de-noronha"
  },
  {
    "slug": "fortaleza",
    "title": "Fortaleza: 7 noites entre orla, cultura e dunas de Cumbuco",
    "titulo_curto": "Fortaleza – 7 noites",
    "categoria": "Brasil",
    "card_image": "assets/lazer/fortaleza.webp",
    "href": "lazer-oferta.html?slug=fortaleza"
  },
  {
    "slug": "foz-do-iguacu",
    "title": "Foz do Iguaçu: 4 noites entre Cataratas, Itaipu e Tríplice Fronteira",
    "titulo_curto": "Foz do Iguaçu – 4 noites",
    "categoria": "Brasil",
    "card_image": "assets/lazer/foz-do-iguacu.webp",
    "href": "lazer-oferta.html?slug=foz-do-iguacu"
  },
  {
    "slug": "gramado",
    "title": "Gramado: 5 noites entre fantasia alpina, natureza e sabores da Serra Gaúcha",
    "titulo_curto": "Gramado – 5 noites",
    "categoria": "Brasil",
    "card_image": "assets/lazer/gramado.webp",
    "href": "lazer-oferta.html?slug=gramado"
  },
  {
    "slug": "maceio",
    "title": "Maceió: 7 noites entre orla urbana, piscinas naturais e aventura em Alagoas",
    "titulo_curto": "Maceió – 7 noites",
    "categoria": "Brasil",
    "card_image": "assets/lazer/maceio.webp",
    "href": "lazer-oferta.html?slug=maceio"
  },
  {
    "slug": "porto-seguro",
    "title": "Porto Seguro: 7 noites entre história, orla animada e paraísos do sul da Bahia",
    "titulo_curto": "Porto Seguro – 7 noites",
    "categoria": "Brasil",
    "card_image": "assets/lazer/porto-seguro.webp",
    "href": "lazer-oferta.html?slug=porto-seguro"
  },
  {
    "slug": "rota-das-emocoes-do-maranhao-ao-ceara",
    "title": "Rota das Emoções – Do Maranhão ao Ceará: 7 noites entre Lençóis, Delta e Jericoacoara",
    "titulo_curto": "Rota das Emoções – 7 noites",
    "categoria": "Brasil",
    "card_image": "assets/lazer/rota-das-emocoes-do-maranhao-ao-ceara.webp",
    "href": "lazer-oferta.html?slug=rota-das-emocoes-do-maranhao-ao-ceara"
  },
  {
    "slug": "acqua-beach-park-resort",
    "title": "Uma semana no Acqua Beach Park Resort, em Porto das Dunas",
    "titulo_curto": "Semana no Acqua Beach Park Resort",
    "categoria": "Resorts",
    "card_image": "assets/lazer/acqua-beach-park-resort.webp",
    "href": "lazer-oferta.html?slug=acqua-beach-park-resort"
  },
  {
    "slug": "cana-brava-all-inclusive-resort-ilheus",
    "title": "Uma semana no Cana Brava All Inclusive Resort, em Ilhéus",
    "titulo_curto": "Semana no Cana Brava All Inclusive",
    "categoria": "Resorts",
    "card_image": "assets/lazer/cana-brava-all-inclusive-resort-ilheus.webp",
    "href": "lazer-oferta.html?slug=cana-brava-all-inclusive-resort-ilheus"
  },
  {
    "slug": "carmel-cumbuco-resort-cumbuco",
    "title": "Uma semana no Carmel Cumbuco Resort, em Cumbuco",
    "titulo_curto": "Semana no Carmel Cumbuco Resort",
    "categoria": "Resorts",
    "card_image": "assets/lazer/carmel-cumbuco-resort-cumbuco.webp",
    "href": "lazer-oferta.html?slug=carmel-cumbuco-resort-cumbuco"
  },
  {
    "slug": "costao-do-santinho-resort-florianopolis",
    "title": "Uma semana no Costão do Santinho Resort, em Florianópolis",
    "titulo_curto": "Semana no Costão do Santinho",
    "categoria": "Resorts",
    "card_image": "assets/lazer/costao-do-santinho-resort-florianopolis.webp",
    "href": "lazer-oferta.html?slug=costao-do-santinho-resort-florianopolis"
  },
  {
    "slug": "dom-pedro-laguna-beach-resort",
    "title": "Uma semana no Dom Pedro Laguna Beach Resort, em Aquiraz",
    "titulo_curto": "Semana no Dom Pedro Laguna",
    "categoria": "Resorts",
    "card_image": "assets/lazer/dom-pedro-laguna-beach-resort.webp",
    "href": "lazer-oferta.html?slug=dom-pedro-laguna-beach-resort"
  },
  {
    "slug": "fernando-de-noronha-pousada-maria-bonita",
    "title": "Uma semana em Fernando de Noronha na Pousada Maria Bonita",
    "titulo_curto": "Semana na Pousada Maria Bonita",
    "categoria": "Resorts",
    "card_image": "assets/lazer/fernando-de-noronha-pousada-maria-bonita.webp",
    "href": "lazer-oferta.html?slug=fernando-de-noronha-pousada-maria-bonita"
  },
  {
    "slug": "gramado-chocoland-hotel",
    "title": "Uma semana no Chocoland Hotel durante o Natal Luz de Gramado",
    "titulo_curto": "Natal Luz no Chocoland Hotel",
    "categoria": "Resorts",
    "card_image": "assets/lazer/gramado-chocoland-hotel.webp",
    "href": "lazer-oferta.html?slug=gramado-chocoland-hotel"
  },
  {
    "slug": "gran-hotel-stella-maris-resort",
    "title": "Uma semana no Gran Hotel Stella Maris Urban Resort, em Salvador",
    "titulo_curto": "Semana no Gran Hotel Stella Maris",
    "categoria": "Resorts",
    "card_image": "assets/lazer/gran-hotel-stella-maris-resort.webp",
    "href": "lazer-oferta.html?slug=gran-hotel-stella-maris-resort"
  },
  {
    "slug": "iberostar-selection-praia-do-forte",
    "title": "Uma semana no Iberostar Selection Praia do Forte, na Bahia",
    "titulo_curto": "Semana no Iberostar Praia do Forte",
    "categoria": "Resorts",
    "card_image": "assets/lazer/iberostar-selection-praia-do-forte.webp",
    "href": "lazer-oferta.html?slug=iberostar-selection-praia-do-forte"
  },
  {
    "slug": "ipioca-beach-resort",
    "title": "Uma semana no Ipioca Beach Resort, em Maceió",
    "titulo_curto": "Semana no Ipioca Beach Resort",
    "categoria": "Resorts",
    "card_image": "assets/lazer/ipioca-beach-resort.webp",
    "href": "lazer-oferta.html?slug=ipioca-beach-resort"
  },
  {
    "slug": "japaratinga-lounge-resort-japaratinga",
    "title": "Uma semana no Japaratinga Lounge Resort, na Costa dos Corais",
    "titulo_curto": "Semana no Japaratinga Lounge Resort",
    "categoria": "Resorts",
    "card_image": "assets/lazer/japaratinga-lounge-resort-japaratinga.webp",
    "href": "lazer-oferta.html?slug=japaratinga-lounge-resort-japaratinga"
  },
  {
    "slug": "la-torre-resort-all-inclusive",
    "title": "Uma semana no La Torre Resort All Inclusive, em Porto Seguro",
    "titulo_curto": "Semana no La Torre Resort",
    "categoria": "Resorts",
    "card_image": "assets/lazer/la-torre-resort-all-inclusive.webp",
    "href": "lazer-oferta.html?slug=la-torre-resort-all-inclusive"
  },
  {
    "slug": "malai-manso-resort-chapada-dos-guimaraes",
    "title": "Uma semana no Malai Manso Resort, no Lago do Manso e Chapada dos Guimarães",
    "titulo_curto": "Semana no Malai Manso Resort",
    "categoria": "Resorts",
    "card_image": "assets/lazer/malai-manso-resort-chapada-dos-guimaraes.webp",
    "href": "lazer-oferta.html?slug=malai-manso-resort-chapada-dos-guimaraes"
  },
  {
    "slug": "mavsa-resort-convention-spa-cesario-lange",
    "title": "Uma semana no Mavsa Resort Convention & SPA, em Cesário Lange",
    "titulo_curto": "Semana no Mavsa Resort",
    "categoria": "Resorts",
    "card_image": "assets/lazer/mavsa-resort-convention-spa-cesario-lange.webp",
    "href": "lazer-oferta.html?slug=mavsa-resort-convention-spa-cesario-lange"
  },
  {
    "slug": "nannai-resort-spa",
    "title": "Uma semana no Nannai Resort & Spa, em Muro Alto",
    "titulo_curto": "Semana no Nannai Resort & Spa",
    "categoria": "Resorts",
    "card_image": "assets/lazer/nannai-resort-spa.webp",
    "href": "lazer-oferta.html?slug=nannai-resort-spa"
  },
  {
    "slug": "ocean-palace-all-inclusive-premium-natal",
    "title": "Uma semana no Ocean Palace All Inclusive Premium, em Natal",
    "titulo_curto": "Semana no Ocean Palace Natal",
    "categoria": "Resorts",
    "card_image": "assets/lazer/ocean-palace-all-inclusive-premium-natal.webp",
    "href": "lazer-oferta.html?slug=ocean-palace-all-inclusive-premium-natal"
  },
  {
    "slug": "pratagy-beach-all-inclusive-resort-maceio",
    "title": "Uma semana no Pratagy Beach All Inclusive Resort, em Maceió",
    "titulo_curto": "Semana no Pratagy Beach Resort",
    "categoria": "Resorts",
    "card_image": "assets/lazer/pratagy-beach-all-inclusive-resort-maceio.webp",
    "href": "lazer-oferta.html?slug=pratagy-beach-all-inclusive-resort-maceio"
  },
  {
    "slug": "salinas-maceio-all-inclusive-resort-maceio",
    "title": "Uma semana no Salinas Maceió All Inclusive Resort, em Ipioca",
    "titulo_curto": "Semana no Salinas Maceió",
    "categoria": "Resorts",
    "card_image": "assets/lazer/salinas-maceio-all-inclusive-resort-maceio.webp",
    "href": "lazer-oferta.html?slug=salinas-maceio-all-inclusive-resort-maceio"
  },
  {
    "slug": "salinas-maragogi-all-inclusive-resort-maragogi",
    "title": "Uma semana no Salinas Maragogi All Inclusive Resort, em Maragogi",
    "titulo_curto": "Semana no Salinas Maragogi",
    "categoria": "Resorts",
    "card_image": "assets/lazer/salinas-maragogi-all-inclusive-resort-maragogi.webp",
    "href": "lazer-oferta.html?slug=salinas-maragogi-all-inclusive-resort-maragogi"
  },
  {
    "slug": "samoa-beach-resort",
    "title": "Uma semana no Samoa Beach Resort, em Muro Alto",
    "titulo_curto": "Semana no Samoa Beach Resort",
    "categoria": "Resorts",
    "card_image": "assets/lazer/samoa-beach-resort.webp",
    "href": "lazer-oferta.html?slug=samoa-beach-resort"
  },
  {
    "slug": "serhs-experience-suites-natal",
    "title": "Uma semana no SERHS Experience Suites, em Natal",
    "titulo_curto": "Semana no SERHS Experience Suites",
    "categoria": "Resorts",
    "card_image": "assets/lazer/serhs-experience-suites-natal.webp",
    "href": "lazer-oferta.html?slug=serhs-experience-suites-natal"
  },
  {
    "slug": "serhs-natal-grand-hotel-resort-natal",
    "title": "Uma semana no Serhs Natal Grand Hotel & Resort, em Natal",
    "titulo_curto": "Semana no Serhs Natal Grand Hotel",
    "categoria": "Resorts",
    "card_image": "assets/lazer/serhs-natal-grand-hotel-resort-natal.webp",
    "href": "lazer-oferta.html?slug=serhs-natal-grand-hotel-resort-natal"
  },
  {
    "slug": "serrambi-resort",
    "title": "Uma semana no Serrambi Resort, em Ipojuca",
    "titulo_curto": "Semana no Serrambi Resort",
    "categoria": "Resorts",
    "card_image": "assets/lazer/serrambi-resort.webp",
    "href": "lazer-oferta.html?slug=serrambi-resort"
  },
  {
    "slug": "summerville-resort",
    "title": "Uma semana no Summerville All Inclusive Resort, em Muro Alto",
    "titulo_curto": "Semana no Summerville Resort",
    "categoria": "Resorts",
    "card_image": "assets/lazer/summerville-resort.webp",
    "href": "lazer-oferta.html?slug=summerville-resort"
  },
  {
    "slug": "tivoli-ecoresort-praia-do-forte",
    "title": "Uma semana no Tivoli Ecoresort Praia do Forte, na Bahia",
    "titulo_curto": "Semana no Tivoli Ecoresort",
    "categoria": "Resorts",
    "card_image": "assets/lazer/tivoli-ecoresort-praia-do-forte.webp",
    "href": "lazer-oferta.html?slug=tivoli-ecoresort-praia-do-forte"
  },
  {
    "slug": "vila-gale-alagoas-barra-de-santo-antonio",
    "title": "Uma semana no Vila Galé Alagoas, em Barra de Santo Antônio",
    "titulo_curto": "Semana no Vila Galé Alagoas",
    "categoria": "Resorts",
    "card_image": "assets/lazer/vila-gale-alagoas-barra-de-santo-antonio.webp",
    "href": "lazer-oferta.html?slug=vila-gale-alagoas-barra-de-santo-antonio"
  },
  {
    "slug": "vila-gale-collection-sunset-cumbuco",
    "title": "Uma semana no Vila Galé Collection Sunset Cumbuco",
    "titulo_curto": "Semana no Vila Galé Collection Sunset",
    "categoria": "Resorts",
    "card_image": "assets/lazer/vila-gale-collection-sunset-cumbuco.webp",
    "href": "lazer-oferta.html?slug=vila-gale-collection-sunset-cumbuco"
  },
  {
    "slug": "vila-gale-eco-resort-angra-dos-reis",
    "title": "Uma semana no Vila Galé Eco Resort de Angra, na Costa Verde",
    "titulo_curto": "Semana no Vila Galé Eco Resort de Angra",
    "categoria": "Resorts",
    "card_image": "assets/lazer/vila-gale-eco-resort-angra-dos-reis.webp",
    "href": "lazer-oferta.html?slug=vila-gale-eco-resort-angra-dos-reis"
  },
  {
    "slug": "vila-gale-resort-cumbuco",
    "title": "Uma semana no Vila Galé Resort Cumbuco, no Ceará",
    "titulo_curto": "Semana no Vila Galé Cumbuco",
    "categoria": "Resorts",
    "card_image": "assets/lazer/vila-gale-resort-cumbuco.webp",
    "href": "lazer-oferta.html?slug=vila-gale-resort-cumbuco"
  },
  {
    "slug": "vila-gale-resort-mares-camacari",
    "title": "Uma semana no Vila Galé Resort Marés, em Guarajuba (Litoral Norte da Bahia)",
    "titulo_curto": "Semana no Vila Galé Marés",
    "categoria": "Resorts",
    "card_image": "assets/lazer/vila-gale-resort-mares-camacari.webp",
    "href": "lazer-oferta.html?slug=vila-gale-resort-mares-camacari"
  },
  {
    "slug": "westin-porto-de-galinhas",
    "title": "Uma semana no The Westin Porto de Galinhas, em Muro Alto",
    "titulo_curto": "Semana no Westin Porto de Galinhas",
    "categoria": "Resorts",
    "card_image": "assets/lazer/westin-porto-de-galinhas.webp",
    "href": "lazer-oferta.html?slug=westin-porto-de-galinhas"
  },
  {
    "slug": "africa-do-sul-espetacular",
    "title": "África do Sul Espetacular – 8 dias entre safári, história e Cabo",
    "titulo_curto": "África do Sul Espetacular",
    "categoria": "Tour",
    "card_image": "assets/lazer/africa-do-sul-espetacular.webp",
    "href": "lazer-oferta.html?slug=africa-do-sul-espetacular"
  },
  {
    "slug": "auroras-boreais-o-espetaculo-das-luzes-do-artico",
    "title": "Auroras Boreais – O Espetáculo das Luzes do Ártico em Whitehorse",
    "titulo_curto": "Auroras Boreais no Yukon",
    "categoria": "Tour",
    "card_image": "assets/lazer/auroras-boreais-o-espetaculo-das-luzes-do-artico.webp",
    "href": "lazer-oferta.html?slug=auroras-boreais-o-espetaculo-das-luzes-do-artico"
  },
  {
    "slug": "belezas-de-istambul-e-capadocia",
    "title": "Belezas de Istambul e Capadócia – 7 dias entre impérios e paisagens lunares",
    "titulo_curto": "Belezas de Istambul e Capadócia",
    "categoria": "Tour",
    "card_image": "assets/lazer/belezas-de-istambul-e-capadocia.webp",
    "href": "lazer-oferta.html?slug=belezas-de-istambul-e-capadocia"
  },
  {
    "slug": "belezas-de-marrocos",
    "title": "Belezas de Marrocos – 8 dias pelas Cidades Imperiais",
    "titulo_curto": "Belezas de Marrocos",
    "categoria": "Tour",
    "card_image": "assets/lazer/belezas-de-marrocos.webp",
    "href": "lazer-oferta.html?slug=belezas-de-marrocos"
  },
  {
    "slug": "buenos-aires-imperdivel",
    "title": "Buenos Aires Imperdível – 4 dias entre cidade, tango e Delta do Tigre",
    "titulo_curto": "Buenos Aires Imperdível",
    "categoria": "Tour",
    "card_image": "assets/lazer/buenos-aires-imperdivel.webp",
    "href": "lazer-oferta.html?slug=buenos-aires-imperdivel"
  },
  {
    "slug": "celebracao-do-festival-holi",
    "title": "Celebração do Festival Holi – 8 dias no Triângulo Dourado da Índia",
    "titulo_curto": "Celebração do Festival Holi",
    "categoria": "Tour",
    "card_image": "assets/lazer/celebracao-do-festival-holi.webp",
    "href": "lazer-oferta.html?slug=celebracao-do-festival-holi"
  },
  {
    "slug": "descubra-dubai-e-abu-dhabi",
    "title": "Descubra Dubai e Abu Dhabi – 6 dias entre futuro, tradição e deserto",
    "titulo_curto": "Descubra Dubai e Abu Dhabi",
    "categoria": "Tour",
    "card_image": "assets/lazer/descubra-dubai-e-abu-dhabi.webp",
    "href": "lazer-oferta.html?slug=descubra-dubai-e-abu-dhabi"
  },
  {
    "slug": "descubra-o-egito",
    "title": "Descubra o Egito – 8 dias entre Pirâmides, Nilo e Templos Milenares",
    "titulo_curto": "Descubra o Egito",
    "categoria": "Tour",
    "card_image": "assets/lazer/descubra-o-egito.webp",
    "href": "lazer-oferta.html?slug=descubra-o-egito"
  },
  {
    "slug": "deserto-do-salar---uyuni",
    "title": "Deserto do Salar - Uyuni – 7 dias entre Atacama e o maior deserto de sal do mundo",
    "titulo_curto": "Deserto do Salar - Uyuni",
    "categoria": "Tour",
    "card_image": "assets/lazer/deserto-do-salar---uyuni.webp",
    "href": "lazer-oferta.html?slug=deserto-do-salar---uyuni"
  },
  {
    "slug": "egito-classico-via-aswan-e-sharm-el-sheikh",
    "title": "Egito Clássico via Aswan e Sharm El Sheikh – 11 dias entre Nilo e Mar Vermelho",
    "titulo_curto": "Egito via Aswan e Sharm El Sheikh",
    "categoria": "Tour",
    "card_image": "assets/lazer/egito-classico-via-aswan-e-sharm-el-sheikh.webp",
    "href": "lazer-oferta.html?slug=egito-classico-via-aswan-e-sharm-el-sheikh"
  },
  {
    "slug": "egito-classico-via-aswan",
    "title": "Egito Clássico via Aswan – 8 dias entre Cairo e o Rio Nilo",
    "titulo_curto": "Egito Clássico via Aswan",
    "categoria": "Tour",
    "card_image": "assets/lazer/egito-classico-via-aswan.webp",
    "href": "lazer-oferta.html?slug=egito-classico-via-aswan"
  },
  {
    "slug": "egito-com-hurghada",
    "title": "Egito com Hurghada – 11 dias entre Nilo e Mar Vermelho",
    "titulo_curto": "Egito com Hurghada",
    "categoria": "Tour",
    "card_image": "assets/lazer/egito-com-hurghada.webp",
    "href": "lazer-oferta.html?slug=egito-com-hurghada"
  },
  {
    "slug": "egito-com-jordania",
    "title": "Egito com Jordânia – 11 dias entre Nilo, Petra e o deserto",
    "titulo_curto": "Egito com Jordânia",
    "categoria": "Tour",
    "card_image": "assets/lazer/egito-com-jordania.webp",
    "href": "lazer-oferta.html?slug=egito-com-jordania"
  },
  {
    "slug": "encantos-da-africa-do-sul",
    "title": "Encantos da África do Sul – 8 dias entre safári e Cidade do Cabo",
    "titulo_curto": "Encantos da África do Sul",
    "categoria": "Tour",
    "card_image": "assets/lazer/encantos-da-africa-do-sul.webp",
    "href": "lazer-oferta.html?slug=encantos-da-africa-do-sul"
  },
  {
    "slug": "essencia-australiana",
    "title": "Essência Australiana – 9 dias entre Melbourne e Sydney",
    "titulo_curto": "Essência Australiana",
    "categoria": "Tour",
    "card_image": "assets/lazer/essencia-australiana.webp",
    "href": "lazer-oferta.html?slug=essencia-australiana"
  },
  {
    "slug": "grand-tour-por-marrocos",
    "title": "Grand Tour por Marrocos: do Atlântico ao Saara em 10 dias",
    "titulo_curto": "Grand Tour por Marrocos",
    "categoria": "Tour",
    "card_image": "assets/lazer/grand-tour-por-marrocos.webp",
    "href": "lazer-oferta.html?slug=grand-tour-por-marrocos"
  },
  {
    "slug": "grecia-continental-com-zaquintos",
    "title": "Grécia Continental com Zaquintos: entre o mundo clássico e o azul do Jônico",
    "titulo_curto": "Grécia Continental com Zaquintos",
    "categoria": "Tour",
    "card_image": "assets/lazer/grecia-continental-com-zaquintos.webp",
    "href": "lazer-oferta.html?slug=grecia-continental-com-zaquintos"
  },
  {
    "slug": "grecia-continental-e-meteora",
    "title": "Grécia Continental e Meteora: história, mitos e mosteiros suspensos",
    "titulo_curto": "Grécia Continental e Meteora",
    "categoria": "Tour",
    "card_image": "assets/lazer/grecia-continental-e-meteora.webp",
    "href": "lazer-oferta.html?slug=grecia-continental-e-meteora"
  },
  {
    "slug": "joias-da-arabia-saudita",
    "title": "Joias da Arábia Saudita – 8 dias entre deserto, cidades sagradas e metrópoles modernas",
    "titulo_curto": "Joias da Arábia Saudita",
    "categoria": "Tour",
    "card_image": "assets/lazer/joias-da-arabia-saudita.webp",
    "href": "lazer-oferta.html?slug=joias-da-arabia-saudita"
  },
  {
    "slug": "lendas-da-turquia",
    "title": "Lendas da Turquia – 10 dias entre Istambul, Capadócia e o Egeu",
    "titulo_curto": "Lendas da Turquia",
    "categoria": "Tour",
    "card_image": "assets/lazer/lendas-da-turquia.webp",
    "href": "lazer-oferta.html?slug=lendas-da-turquia"
  },
  {
    "slug": "melodia-grega---atenas-mykonos-santorini",
    "title": "Melodia Grega – 8 dias entre Atenas, Santorini e Mykonos",
    "titulo_curto": "Melodia Grega",
    "categoria": "Tour",
    "card_image": "assets/lazer/melodia-grega---atenas-mykonos-santorini.webp",
    "href": "lazer-oferta.html?slug=melodia-grega---atenas-mykonos-santorini"
  },
  {
    "slug": "o-explorador-australiano",
    "title": "O Explorador Australiano – 12 dias entre Melbourne, Cairns e Sydney",
    "titulo_curto": "O Explorador Australiano",
    "categoria": "Tour",
    "card_image": "assets/lazer/o-explorador-australiano.webp",
    "href": "lazer-oferta.html?slug=o-explorador-australiano"
  },
  {
    "slug": "o-melhor-do-leste-canadense",
    "title": "O Melhor do Leste Canadense – 9 dias de trem entre Toronto, Ottawa, Quebec e Montreal",
    "titulo_curto": "O Melhor do Leste Canadense",
    "categoria": "Tour",
    "card_image": "assets/lazer/o-melhor-do-leste-canadense.webp",
    "href": "lazer-oferta.html?slug=o-melhor-do-leste-canadense"
  },
  {
    "slug": "patagonia-classica-buenos-aires-calafate-e-ushuaia",
    "title": "Patagônia Clássica – 9 dias entre Buenos Aires, Calafate e Ushuaia",
    "titulo_curto": "Patagônia Clássica: Buenos Aires, Calafate e Ushuaia",
    "categoria": "Tour",
    "card_image": "assets/lazer/patagonia-classica-buenos-aires-calafate-e-ushuaia.webp",
    "href": "lazer-oferta.html?slug=patagonia-classica-buenos-aires-calafate-e-ushuaia"
  },
  {
    "slug": "peru-a-experiencia-completa",
    "title": "Peru – A Experiência Completa – 14 dias entre Lima, Paracas, Nazca, Arequipa, Colca, Puno, Cusco, Vale Sagrado e Machu Picchu",
    "titulo_curto": "Peru – A Experiência Completa",
    "categoria": "Tour",
    "card_image": "assets/lazer/peru-a-experiencia-completa.webp",
    "href": "lazer-oferta.html?slug=peru-a-experiencia-completa"
  },
  {
    "slug": "peru-a-milenaria-rota-inca",
    "title": "Peru – A Milenária Rota Inca – 7 dias entre Lima, Cusco, Vale Sagrado e Machu Picchu pela Trilha Inca Curta",
    "titulo_curto": "Peru – A Milenária Rota Inca",
    "categoria": "Tour",
    "card_image": "assets/lazer/peru-a-milenaria-rota-inca.webp",
    "href": "lazer-oferta.html?slug=peru-a-milenaria-rota-inca"
  },
  {
    "slug": "peru-do-mar-aos-andes",
    "title": "Peru – Do Mar aos Andes – 8 dias entre Lima, Paracas, Cusco, Vale Sagrado e Machu Picchu",
    "titulo_curto": "Peru – Do Mar aos Andes",
    "categoria": "Tour",
    "card_image": "assets/lazer/peru-do-mar-aos-andes.webp",
    "href": "lazer-oferta.html?slug=peru-do-mar-aos-andes"
  },
  {
    "slug": "peru-rota-dos-andes",
    "title": "Peru – Rota dos Andes – 12 dias entre Lima, Arequipa, Colca, Puno, Cusco, Vale Sagrado e Machu Picchu",
    "titulo_curto": "Peru – Rota dos Andes",
    "categoria": "Tour",
    "card_image": "assets/lazer/peru-rota-dos-andes.webp",
    "href": "lazer-oferta.html?slug=peru-rota-dos-andes"
  },
  {
    "slug": "peru-um-despertar-em-machu-picchu",
    "title": "Peru – Um Despertar em Machu Picchu – 7 dias entre Lima, Cusco, Vale Sagrado e Machu Picchu",
    "titulo_curto": "Peru – Um Despertar em Machu Picchu",
    "categoria": "Tour",
    "card_image": "assets/lazer/peru-um-despertar-em-machu-picchu.webp",
    "href": "lazer-oferta.html?slug=peru-um-despertar-em-machu-picchu"
  },
  {
    "slug": "quatro-faces-da-australia",
    "title": "Quatro Faces da Austrália – 14 dias entre Melbourne, Cairns, Brisbane e Sydney",
    "titulo_curto": "Quatro Faces da Austrália",
    "categoria": "Tour",
    "card_image": "assets/lazer/quatro-faces-da-australia.webp",
    "href": "lazer-oferta.html?slug=quatro-faces-da-australia"
  },
  {
    "slug": "sicilia-concordia",
    "title": "Sicília Concórdia – 8 dias pela ilha dos mil povos",
    "titulo_curto": "Sicília Concórdia",
    "categoria": "Tour",
    "card_image": "assets/lazer/sicilia-concordia.webp",
    "href": "lazer-oferta.html?slug=sicilia-concordia"
  },
  {
    "slug": "tesouros-da-tailândia",
    "title": "Tesouros da Tailândia – 7 dias entre Bangkok, Chiang Rai e Chiang Mai",
    "titulo_curto": "Tesouros da Tailândia",
    "categoria": "Tour",
    "card_image": "assets/lazer/tesouros-da-tailândia.webp",
    "href": "lazer-oferta.html?slug=tesouros-da-tailândia"
  },
  {
    "slug": "travessia-dos-lagos-andinos",
    "title": "Travessia dos Lagos Andinos – 12 dias entre Buenos Aires, Bariloche, Puerto Varas e Santiago",
    "titulo_curto": "Travessia dos Lagos Andinos",
    "categoria": "Tour",
    "card_image": "assets/lazer/travessia-dos-lagos-andinos.webp",
    "href": "lazer-oferta.html?slug=travessia-dos-lagos-andinos"
  },
  {
    "slug": "triangulo-dourado-da-india",
    "title": "Triângulo Dourado da Índia – 7 dias entre Delhi, Jaipur e Agra",
    "titulo_curto": "Triângulo Dourado da Índia",
    "categoria": "Tour",
    "card_image": "assets/lazer/triangulo-dourado-da-india.webp",
    "href": "lazer-oferta.html?slug=triangulo-dourado-da-india"
  },
    {
    "slug": "Cabanas-Hotel-Fazenda-Guarapuava",
    "title": "Day-use no Cabanas Hotel Fazenda / Hope Valley Adventure (Guarapuava/PR): aventura radical com conforto de alto padrão no interior do Paraná",
    "titulo_curto": "Day-use Cabanas Hotel Fazenda (Hope Valley)",
    "categoria": "Day Use Cwb",
    "card_image": "Cabanas-Hotel-Fazenda-Guarapuava.webp",
    "href": "lazer-oferta.html?slug=Cabanas-Hotel-Fazenda-Guarapuava"
  },
  {
    "slug": "Capivari-Ecoresort-Campina-Grande-do-Sul",
    "title": "Day-use no Capivari Ecoresort (Campina Grande do Sul/PR): resort de serra com piscinas aquecidas perto de Curitiba",
    "titulo_curto": "Day-use Capivari Ecoresort",
    "categoria": "Day Use Cwb",
    "card_image": "Capivari-Ecoresort-Campina-Grande-do-Sul.webp",
    "href": "lazer-oferta.html?slug=Capivari-Ecoresort-Campina-Grande-do-Sul"
  },
  {
    "slug": "Chacara-Minas-d-Agua-Campo-Magro",
    "title": "Day-use na Chácara Minas d’Água (Campo Magro/PR): escape gourmet e natureza para desacelerar perto de Curitiba",
    "titulo_curto": "Day-use Chácara Minas d’Água",
    "categoria": "Day Use Cwb",
    "card_image": "Chacara-Minas-d-Agua-Campo-Magro.webp",
    "href": "lazer-oferta.html?slug=Chacara-Minas-d-Agua-Campo-Magro"
  },
  {
    "slug": "Chacara-Pedra-Lisa-Campo-Magro",
    "title": "Day-use na Chácara Pedra Lisa (Campo Magro/PR): aventura, cachoeiras e redário em 20 hectares de natureza",
    "titulo_curto": "Day-use Chácara Pedra Lisa",
    "categoria": "Day Use Cwb",
    "card_image": "Chacara-Pedra-Lisa-Campo-Magro.webp",
    "href": "lazer-oferta.html?slug=Chacara-Pedra-Lisa-Campo-Magro"
  },
  {
    "slug": "Chacara-Sant-Ana-Campo-Magro",
    "title": "Day-use na Chácara Sant’Ana (Campo Magro/PR): costela fogo de chão premiada, aventura e sossego a poucos minutos de Curitiba",
    "titulo_curto": "Day-use Chácara Sant’Ana Campo Magro",
    "categoria": "Day Use Cwb",
    "card_image": "Chacara-Sant-Ana-Campo-Magro.webp",
    "href": "lazer-oferta.html?slug=Chacara-Sant-Ana-Campo-Magro"
  },
  {
    "slug": "Eco-Estancia-Maktub-Morretes",
    "title": "Day-use na Eco Estância Maktub (Morretes/PR): imersão na Mata Atlântica aos pés do Marumbi",
    "titulo_curto": "Day-use Eco Estância Maktub",
    "categoria": "Day Use Cwb",
    "card_image": "Eco-Estancia-Maktub-Morretes.webp",
    "href": "lazer-oferta.html?slug=Eco-Estancia-Maktub-Morretes"
  },
  {
    "slug": "Eco-Hotel-Bouganville",
    "title": "Day-use no Eco Hotel Bouganville (São José dos Pinhais/Contenda): fazenda com piscina aquecida, animais e cozinha colonial de destaque",
    "titulo_curto": "Day-use Eco Hotel Bouganville",
    "categoria": "Day Use Cwb",
    "card_image": "Eco-Hotel-Bouganville.webp",
    "href": "lazer-oferta.html?slug=Eco-Hotel-Bouganville"
  },
  {
    "slug": "Estancia-Casa-na-Arvore-Contenda",
    "title": "Day-use na Estância Casa na Árvore (Contenda/PR): trilhas, casa na árvore de 20 m e acolhimento pet friendly",
    "titulo_curto": "Day-use Estância Casa na Árvore",
    "categoria": "Day Use Cwb",
    "card_image": "Estancia-Casa-na-Arvore-Contenda.webp",
    "href": "lazer-oferta.html?slug=Estancia-Casa-na-Arvore-Contenda"
  },
  {
    "slug": "Fazenda-Evaristo-Rio-Negrinho-SC",
    "title": "Day-use na Fazenda Evaristo (Rio Negrinho/SC): ecoturismo gigante em um único dia",
    "titulo_curto": "Day-use Fazenda Evaristo",
    "categoria": "Brasil",
    "card_image": "Fazenda-Evaristo-Rio-Negrinho-SC.webp",
    "href": "lazer-oferta.html?slug=Fazenda-Evaristo-Rio-Negrinho-SC"
  },
  {
    "slug": "Fazzenda-Park-Resort-Gaspar",
    "title": "Day-use all inclusive no Fazzenda Park Resort (Gaspar/SC): um dia de resort-fazenda de luxo no Vale Europeu",
    "titulo_curto": "Day-use Fazzenda Park Resort",
    "categoria": "Day Use Cwb",
    "card_image": "Fazzenda-Park-Resort-Gaspar.webp",
    "href": "lazer-oferta.html?slug=Fazzenda-Park-Resort-Gaspar"
  },
  {
    "slug": "Hope-Valley-Adventure-Resort-Guarapuava",
    "title": "Day-use no Hope Valley Adventure Resort (Guarapuava/PR): hotel-fazenda de aventura, família e conforto premium no interior do Paraná",
    "titulo_curto": "Day-use Hope Valley Adventure Resort",
    "categoria": "Day Use Cwb",
    "card_image": "Hope-Valley-Adventure-Resort-Guarapuava.webp",
    "href": "lazer-oferta.html?slug=Hope-Valley-Adventure-Resort-Guarapuava"
  },
  {
    "slug": "Hotel-Estancia-Betania-Colombo",
    "title": "Day-use no Hotel Estância Betânia (Colombo/PR): refúgio de campo a poucos minutos de Curitiba",
    "titulo_curto": "Day-use Estância Betânia",
    "categoria": "Brasil",
    "card_image": "Hotel-Estancia-Betania-Colombo.webp",
    "href": "lazer-oferta.html?slug=Hotel-Estancia-Betania-Colombo"
  },
  {
    "slug": "Hotel-Fazenda-Caina-Balsa-Nova",
    "title": "Day-use no Hotel Fazenda Cainã (Balsa Nova/PR): luxo rústico, piscinas aquecidas e cultura tropeira perto de Curitiba",
    "titulo_curto": "Day-use Hotel Fazenda Cainã",
    "categoria": "Day Use Cwb",
    "card_image": "Hotel-Fazenda-Caina-Balsa-Nova.webp",
    "href": "lazer-oferta.html?slug=Hotel-Fazenda-Caina-Balsa-Nova"
  },
  {
    "slug": "Hotel-Fazenda-Casarao-do-Vale-Massaranduba",
    "title": "Day-use no Hotel Fazenda Casarão do Vale (Massaranduba/SC): um dia de fazenda completa no Vale Europeu",
    "titulo_curto": "Day-use Casarão do Vale",
    "categoria": "Brasil",
    "card_image": "Hotel-Fazenda-Casarao-do-Vale-Massaranduba.webp",
    "href": "lazer-oferta.html?slug=Hotel-Fazenda-Casarao-do-Vale-Massaranduba"
  },
  {
    "slug": "Hotel-Fazenda-Dona-Francisca-Joinville",
    "title": "Day-use no Hotel Fazenda Dona Francisca (Joinville/SC): resort de fazenda completo na Serra Dona Francisca a poucas horas de Curitiba",
    "titulo_curto": "Day-use Hotel Fazenda Dona Francisca",
    "categoria": "Day Use Cwb",
    "card_image": "Hotel-Fazenda-Dona-Francisca-Joinville.webp",
    "href": "lazer-oferta.html?slug=Hotel-Fazenda-Dona-Francisca-Joinville"
  },
  {
    "slug": "Hotel-Fazenda-Itaytyba-Tibagi",
    "title": "Day-use no Hotel Fazenda Itaytyba (Tibagi/PR): ecoturismo premium, cânion Guartelá e fazenda de alto padrão nos Campos Gerais",
    "titulo_curto": "Day-use Hotel Fazenda Itaytyba",
    "categoria": "Day Use Cwb",
    "card_image": "Hotel-Fazenda-Itaytyba-Tibagi.webp",
    "href": "lazer-oferta.html?slug=Hotel-Fazenda-Itaytyba-Tibagi"
  },
  {
    "slug": "Hotel-Fazenda-Pommernland-Pomerode",
    "title": "Day-use no Hotel Fazenda Pommernland (Pomerode/SC): lazer ativo, conforto aquecido e cultura do Vale Europeu em um único dia",
    "titulo_curto": "Day-use Hotel Fazenda Pommernland",
    "categoria": "Day Use Cwb",
    "card_image": "Hotel-Fazenda-Pommernland-Pomerode.webp",
    "href": "lazer-oferta.html?slug=Hotel-Fazenda-Pommernland-Pomerode"
  },
  {
    "slug": "Hotel-Nativa-Eco-Mandirituba",
    "title": "Day-use no Hotel Nativa Eco (Mandirituba/PR): resort de campo pertinho de Curitiba",
    "titulo_curto": "Day-use Hotel Nativa Eco",
    "categoria": "Day Use Cwb",
    "card_image": "Hotel-Nativa-Eco-Mandirituba.webp",
    "href": "lazer-oferta.html?slug=Hotel-Nativa-Eco-Mandirituba"
  },
  {
    "slug": "Hotel-Vale-das-Hortensias-Serra-Dona-Francisca",
    "title": "Day-use no Hotel Vale das Hortênsias (Serra Dona Francisca/SC): refúgio de mata atlântica, piscina aquecida e gastronomia caseira a poucas horas de Curitiba",
    "titulo_curto": "Day-use Hotel Vale das Hortênsias",
    "categoria": "Day Use Cwb",
    "card_image": "Hotel-Vale-das-Hortensias-Serra-Dona-Francisca.webp",
    "href": "lazer-oferta.html?slug=Hotel-Vale-das-Hortensias-Serra-Dona-Francisca"
  },
  {
    "slug": "La-Dolce-Vita-Park-Hotel",
    "title": "Day-use no La Dolce Vita Park Hotel (São José dos Pinhais/PR): resort com piscinas internas e externas perto de Curitiba",
    "titulo_curto": "Day-use La Dolce Vita Park Hotel",
    "categoria": "Day Use Cwb",
    "card_image": "La-Dolce-Vita-Park-Hotel.webp",
    "href": "lazer-oferta.html?slug=La-Dolce-Vita-Park-Hotel"
  },
  {
    "slug": "Pousada-Arraial-do-Ouro-Gaspar",
    "title": "Day-use na Pousada Arraial do Ouro (Gaspar/SC): refúgio intimista com estrutura completa no coração do Vale Europeu",
    "titulo_curto": "Day-use Pousada Arraial do Ouro",
    "categoria": "Day Use Cwb",
    "card_image": "Pousada-Arraial-do-Ouro-Gaspar.webp",
    "href": "lazer-oferta.html?slug=Pousada-Arraial-do-Ouro-Gaspar"
  },
  {
    "slug": "Pousada-Fazenda-Ribeirao-das-Flores",
    "title": "Day-use na Pousada Fazenda Ribeirão das Flores: um refúgio rural perto de Curitiba",
    "titulo_curto": "Day-use Ribeirão das Flores",
    "categoria": "Brasil",
    "card_image": "Pousada-Fazenda-Ribeirao-das-Flores.webp",
    "href": "lazer-oferta.html?slug=Pousada-Fazenda-Ribeirao-das-Flores"
  },
  {
    "slug": "Pousada-Hakuna-Matata-Morretes",
    "title": "Day-use na Pousada Hakuna Matata (Morretes/PR): imersão na Serra do Mar em um único dia",
    "titulo_curto": "Day-use Hakuna Matata Morretes",
    "categoria": "Day Use Cwb",
    "card_image": "Pousada-Hakuna-Matata-Morretes.webp",
    "href": "lazer-oferta.html?slug=Pousada-Hakuna-Matata-Morretes"
  },
  {
    "slug": "Recanto-dos-Arcos-Cachoeira-do-Alemao",
    "title": "Day-use no Recanto dos Arcos – Cachoeira do Alemão (São Luiz do Purunã/PR): natureza, cachoeira e sossego a poucos quilômetros de Curitiba",
    "titulo_curto": "Day-use Recanto dos Arcos",
    "categoria": "Day Use Cwb",
    "card_image": "Recanto-dos-Arcos-Cachoeira-do-Alemao.webp",
    "href": "lazer-oferta.html?slug=Recanto-dos-Arcos-Cachoeira-do-Alemao"
  },
  {
    "slug": "Varshana-Experience-Hotel-Balsa-Nova",
    "title": "Day-use no Varshana Experience Hotel (São Luiz do Purunã/Balsa Nova): retiro de bem-estar com SPA, trilha de sensações e piscina aquecida",
    "titulo_curto": "Day-use Varshana Experience Hotel",
    "categoria": "Day Use Cwb",
    "card_image": "Varshana-Experience-Hotel-Balsa-Nova.webp",
    "href": "lazer-oferta.html?slug=Varshana-Experience-Hotel-Balsa-Nova"
  },
  {
    "slug": "Vila-Katu-Campo-Magro",
    "title": "Day-use na Vila Katu (Campo Magro/PR): natureza, gastronomia e lazer infantil a minutos de Curitiba",
    "titulo_curto": "Day-use Vila Katu Campo Magro",
    "categoria": "Day Use Cwb",
    "card_image": "Vila-Katu-Campo-Magro.webp",
    "href": "lazer-oferta.html?slug=Vila-Katu-Campo-Magro"
  },
  {
    "slug": "Vila-dos-Animais-Campina-Grande-Do-Sul",
    "title": "Day-use na Vila dos Animais (Campina Grande do Sul/PR): fazendinha, mata nativa e desconexão a poucos km de Curitiba",
    "titulo_curto": "Day-use Vila dos Animais",
    "categoria": "Day Use Cwb",
    "card_image": "Vila-dos-Animais-Campina-Grande-Do-Sul.webp",
    "href": "lazer-oferta.html?slug=Vila-dos-Animais-Campina-Grande-Do-Sul"
  },
  {
    "slug": "Vira-Charme-Resort-Ponta-Grossa",
    "title": "Day-use no Virá Charme Resort (Campos Gerais/PR): natureza de luxo, lago e experiência romântica a poucas horas de Curitiba",
    "titulo_curto": "Day-use Virá Charme Resort",
    "categoria": "Day Use Cwb",
    "card_image": "Vira-Charme-Resort-Ponta-Grossa.webp",
    "href": "lazer-oferta.html?slug=Vira-Charme-Resort-Ponta-Grossa"
  },
  {
    "slug": "islandia-entre-gelo-e-fogo",
    "title": "Islândia: Entre Gelo e Fogo – 8 dias entre vulcões, geleiras e lagoas termais",
    "titulo_curto": "Islândia: Entre Gelo e Fogo",
    "categoria": "Tour",
    "card_image": "islandia-entre-gelo-e-fogo.webp",
    "href": "lazer-oferta.html?slug=islandia-entre-gelo-e-fogo"
  }
]